Type,Data,Note
Info,Domain names abusing the Hiragana character ん,https://www.netcraft.com/blog/down-the-hiragana-hole-uncovering-a-new-wave-of-lookalike-domains
domain,www.kyberswap.xn--com.detailor.der-sy4mga.kybercampaigns-aggregator.com,
domain,kyberswap.xn--com.detailor.der-sy4mga.kybercampaigns-aggregator.com,
domain,cloudflare.xn--com.detailrestric-access-ge5vga.com-restrict.net,
domain,securitum.xn--comresources-jv4k.db.details-securitum.com,
domain,admin.booking.xn--com.detail-nq4hga.shkaff.net,
domain,.google.xn--com.detailsaccount-o34pha.test.c0ffee.ca,
domain,rabby.xn--iowalletdownload-014oga.optimal.se.net,
domain,xn--frusers-.details-e04n.website,
domain,chromewebstore.google.xn--com.detailrabby-wallets-tc5uga.comprehensive-protection.guru,
domain,account.booking.xn--com.detailrestric-access-ge5vga.com-restivates.org,
domain,account.booking.xn--com.detailrestric-access-ge5vga.com-restrict.net,
domain,xn--comwallet-nq4h.download-now.se.net,
domain,web3.okx.xn--comwallet-nq4h.download-now.se.net,
domain,xn--com.detailokx-wallet-x64rga.comprehensive-protection.guru,
domain,chromewebstore.google.xn--com.detailokx-wallet-x64rga.comprehensive-protection.guru,
domain,www.nubank.xn--comsuacontacadastropessoal-cj5yia.webphishing.com,
domain,.google.xn--comsearchwww-jv4kga.pavloh.com,
domain,booking.xn--com.detailrestric-access-ge5vga.admins-booking.com,
domain,xn--com.detailrestric-access-ge5vga.admins-booking.com,
domain,account.booking.xn--com.detailrestric-access-ge5vga.admins-booking.com,
domain,booking.xn--com.detailrestric-access-ge5vga.www-account-booking.com,
domain,xn--com.detailrestric-access-ge5vga.www-account-booking.com,
domain,booking.xn--com.detailrestric-access-ge5vga.com-reactivate.info,
domain,xn--com.detailrestric-access-ge5vga.com-reactivate.info,
domain,account.booking.xn--com.detailrestric-access-ge5vga.com-reactivate.info,
domain,account.booking.xn--com.detailrestric-access-ge5vga.www-account-booking.com,
domain,account.booking.xn--com.detailrestric-access-ge5vga.com-reactivate.cfd,
domain,xn--com.detailrestric-access-ge5vga.com-reactivate.cfd,
domain,booking.xn--com.detailrestric-access-ge5vga.com-reactivate.cfd,
domain,www.booking.xn--com.detailrestric-access-ge5vga.com-reactivate.cfd,
domain,www.www.portal.xn--cnjs-y53c5dng0pvc0mqe.socchanpxy.f5.si,
domain,www.chromewebstore.google.xn--com.detailrabby-wallet-694tga.comprehensive-protection.network,
domain,xn--com.detailokx-wallet-x64rga.comprehensive-protection.network,
domain,.google.xn--com.detailokx-wallet-x64rga.comprehensive-protection.network,
domain,chromewebstore.google.xn--com.detailokx-wallet-x64rga.comprehensive-protection.network,
domain,xn--com.detailokx-wallet-x64rga.comprehensive-protection.technology,
domain,.google.xn--com.detailokx-wallet-x64rga.comprehensive-protection.technology,
domain,chromewebstore.google.xn--com.detailokx-wallet-x64rga.comprehensive-protection.technology,
domain,www.google.xn--com.detailokx-wallet-x64rga.comprehensive-protection.center,
domain,www.xn--com.detailbitget-wallet-tc5uga.high-security.live,
domain,xn--com.detailbitget-wallet-tc5uga.high-security.live,
domain,.google.xn--com.detailokx-wallet-x64rga.comprehensive-protection.services,
domain,xn--com.detailexodus-wallet-tc5uga.comprehensive-protection.services,
domain,.google.xn--com.detailexodus-wallet-tc5uga.comprehensive-protection.services,
domain,xn--com.detailokx-wallet-x64rga.comprehensive-protection.services,
domain,xn--com.detailsolflare-wallet-2f5wga.comprehensive-protection.services,
domain,.google.xn--com.detailsolflare-wallet-2f5wga.comprehensive-protection.services,
domain,chromewebstore.google.xn--com.detailexodus-wallet-tc5uga.comprehensive-protection.services,
domain,chromewebstore.google.xn--com.detailokx-wallet-x64rga.comprehensive-protection.services,
domain,chromewebstore.google.xn--com.detailsolflare-wallet-2f5wga.comprehensive-protection.services,
domain,.google.xn--com.detailokx-wallet-x64rga.comprehensive-protection.center,
domain,xn--com.detailsolflare-wallet-2f5wga.comprehensive-protection.center,
domain,.google.xn--com.detailsolflare-wallet-2f5wga.comprehensive-protection.center,
domain,xn--com.detailokx-wallet-x64rga.comprehensive-protection.center,
domain,xn--com.detailexodus-wallet-tc5uga.comprehensive-protection.center,
domain,.google.xn--com.detailexodus-wallet-tc5uga.comprehensive-protection.center,
domain,chromewebstore.google.xn--com.detailexodus-wallet-tc5uga.comprehensive-protection.center,
domain,chromewebstore.google.xn--com.detailokx-wallet-x64rga.comprehensive-protection.center,
domain,chromewebstore.google.xn--com.detailsolflare-wallet-2f5wga.comprehensive-protection.center,
domain,xn--com.detailokx-wallet-x64rga.high-security.live,
domain,.google.xn--com.detailokx-wallet-x64rga.high-security.live,
domain,.google.xn--com.detailbitget-wallet-tc5uga.high-security.live,
domain,xn--com.detailsolflare-wallet-2f5wga.high-security.live,
domain,.google.xn--com.detailsolflare-wallet-2f5wga.high-security.live,
domain,chromewebstore.google.xn--com.detailbitget-wallet-tc5uga.high-security.live,
domain,chromewebstore.google.xn--com.detailokx-wallet-x64rga.high-security.live,
domain,chromewebstore.google.xn--com.detailsolflare-wallet-2f5wga.high-security.live,
domain,xn--com.detailbitget-wallet-tc5uga.high-security.guru,
domain,.google.xn--com.detailbitget-wallet-tc5uga.high-security.guru,
domain,chromewebstore.google.xn--com.detailbitget-wallet-tc5uga.high-security.guru,
domain,xn--com.detailsolflare-wallet-2f5wga.high-security.guru,
domain,.google.xn--com.detailsolflare-wallet-2f5wga.high-security.guru,
domain,xn--com.detailokx-wallet-x64rga.high-security.guru,
domain,.google.xn--com.detailokx-wallet-x64rga.high-security.guru,
domain,chromewebstore.google.xn--com.detailokx-wallet-x64rga.high-security.guru,
domain,chromewebstore.google.xn--com.detailsolflare-wallet-2f5wga.high-security.guru,
domain,xn--com.detailcoinbase-wallet-2f5wga.homepagesite.desktop-i.eu,
domain,.google.xn--com.detailcoinbase-wallet-2f5wga.homepagesite.desktop-i.eu,
domain,chromewebstore.google.xn--com.detailcoinbase-wallet-2f5wga.homepagesite.desktop-i.eu,
domain,xn--com.detailokx-wallet-x64rga.high-security.agency,
domain,.google.xn--com.detailokx-wallet-x64rga.high-security.agency,
domain,chromewebstore.google.xn--com.detailokx-wallet-x64rga.high-security.agency,
domain,xn--com.detailokx-wallet-x64rga.high-security.media,
domain,.google.xn--com.detailokx-wallet-x64rga.high-security.media,
domain,.google.xn--com.detailcoinbase-wallet-2f5wga.high-security.media,
domain,xn--com.detailcoinbase-wallet-2f5wga.high-security.media,
domain,chromewebstore.google.xn--com.detailcoinbase-wallet-2f5wga.high-security.media,
domain,chromewebstore.google.xn--com.detailokx-wallet-x64rga.high-security.media,
domain,xn--com.detailcoinbase-wallet-2f5wga.high-security.cool,
domain,xn--com.detailokx-wallet-x64rga.high-security.bio,
domain,.google.xn--com.detailokx-wallet-x64rga.high-security.bio,
domain,xn--comwalletsdownload-b54qha.high-security.bio,
domain,xn--com.detailcoinbase-wallet-2f5wga.high-security.bio,
domain,.google.xn--com.detailcoinbase-wallet-2f5wga.high-security.bio,
domain,chromewebstore.google.xn--com.detailcoinbase-wallet-2f5wga.high-security.bio,
domain,chromewebstore.google.xn--com.detailokx-wallet-x64rga.high-security.bio,
domain,coinbase.xn--comwalletsdownload-b54qha.high-security.bio,
domain,xn--com.detailtrustwallet-wallet-yk5zga.high-security.technology,
domain,.google.xn--com.detailtrustwallet-wallet-yk5zga.high-security.technology,
domain,chromewebstore.google.xn--com.detailtrustwallet-wallet-yk5zga.high-security.technology,
domain,xn--com.detailcoinbase-wallet-2f5wga.high-security.technology,
domain,.google.xn--com.detailcoinbase-wallet-2f5wga.high-security.technology,
domain,xn--com.detailokx-wallet-x64rga.high-security.technology,
domain,.google.xn--com.detailokx-wallet-x64rga.high-security.technology,
domain,chromewebstore.google.xn--com.detailcoinbase-wallet-2f5wga.high-security.technology,
domain,chromewebstore.google.xn--com.detailokx-wallet-x64rga.high-security.technology,
domain,xn--com.detailokx-wallet-x64rga.protection-advanced.business,
domain,.google.xn--com.detailokx-wallet-x64rga.protection-advanced.business,
domain,xn--com.detailcoinbase-wallet-2f5wga.high-security.services,
domain,.google.xn--com.detailcoinbase-wallet-2f5wga.high-security.services,
domain,xn--com.detailokx-wallet-x64rga.high-security.services,
domain,.google.xn--com.detailokx-wallet-x64rga.high-security.services,
domain,chromewebstore.google.xn--com.detailcoinbase-wallet-2f5wga.high-security.services,
domain,chromewebstore.google.xn--com.detailokx-wallet-x64rga.high-security.services,
domain,xn--com.detailcoinbase-wallet-2f5wga.high-security.center,
domain,.google.xn--com.detailcoinbase-wallet-2f5wga.high-security.center,
domain,xn--com.detailokx-wallet-x64rga.high-security.center,
domain,.google.xn--com.detailokx-wallet-x64rga.high-security.center,
domain,chromewebstore.google.xn--com.detailcoinbase-wallet-2f5wga.high-security.center,
domain,chromewebstore.google.xn--com.detailokx-wallet-x64rga.high-security.center,
domain,xn--com.detailmetamask-wallet-2f5wga.vibeat.tra.de,
domain,.google.xn--com.detailmetamask-wallet-2f5wga.vibeat.tra.de,
domain,chromewebstore.google.xn--com.detailmetamask-wallet-2f5wga.vibeat.tra.de,
domain,.google.xn--com.detailcoinbase-wallet-2f5wga.high-security.cool,
domain,xn--com.detailphantom-wallet-ge5vga.high-security.international,
domain,.google.xn--com.detailphantom-wallet-ge5vga.high-security.international,
domain,xn--com.detailphantom-wallet-ge5vga.high-security.cool,
domain,.google.xn--com.detailphantom-wallet-ge5vga.high-security.cool,
domain,xn--iowalletsdownload-n34pha.protection-advanced.network,
domain,xn--com.detailokx-wallet-x64rga.high-security.cool,
domain,.google.xn--com.detailokx-wallet-x64rga.high-security.cool,
domain,chromewebstore.google.xn--com.detailcoinbase-wallet-2f5wga.high-security.cool,
domain,chromewebstore.google.xn--com.detailokx-wallet-x64rga.high-security.cool,
domain,chromewebstore.google.xn--com.detailphantom-wallet-ge5vga.high-security.cool,
domain,chromewebstore.google.xn--com.detailphantom-wallet-ge5vga.high-security.international,
domain,xn--comwalletsdownload-b54qha.comprehensive-protection.cool,
domain,okx.xn--comwalletsdownload-b54qha.comprehensive-protection.cool,
domain,xn--com.detailcoinbase-wallet-2f5wga.high-security.international,
domain,xn--financeswap-connect-wallet-gj5y.high-security.news,
domain,.google.xn--com.detailcoinbase-wallet-2f5wga.high-security.international,
domain,xn--comwalletsdownload-b54qha.high-security.international,
domain,xn--com.detailokx-wallet-x64rga.high-security.international,
domain,.google.xn--com.detailokx-wallet-x64rga.high-security.international,
domain,chromewebstore.google.xn--com.detailcoinbase-wallet-2f5wga.high-security.international,
domain,chromewebstore.google.xn--com.detailokx-wallet-x64rga.high-security.international,
domain,coinbase.xn--comwalletsdownload-b54qha.high-security.international,
domain,web3.okx.xn--comwalletsdownload-b54qha.high-security.international,
domain,rabby.xn--iowalletsdownload-n34pha.high-security.international,
domain,pancakeswap.xn--financeswap-connect-wallet-gj5y.high-security.news,
domain,xn--com.detailcoinbase-wallet-2f5wga.high-security.online,
domain,.google.xn--com.detailcoinbase-wallet-2f5wga.high-security.online,
domain,xn--com.detailokx-wallet-x64rga.high-security.online,
domain,.google.xn--com.detailokx-wallet-x64rga.high-security.online,
domain,chromewebstore.google.xn--com.detailcoinbase-wallet-2f5wga.high-security.online,
domain,chromewebstore.google.xn--com.detailokx-wallet-x64rga.high-security.online,
domain,web3.okx.xn--comwalletsdownload-b54qha.high-security.online,
domain,rabby.xn--iowalletsdownload-n34pha.high-security.online,
domain,xn--comwalletsdownload-b54qha.high-security.online,
domain,xn--iowalletsdownload-n34pha.comprehensive-protection.company,
domain,xn--com.detailcoinbase-wallet-2f5wga.protection-advanced.business,
domain,.google.xn--com.detailcoinbase-wallet-2f5wga.protection-advanced.business,
domain,chromewebstore.google.xn--com.detailcoinbase-wallet-2f5wga.protection-advanced.business,
domain,chromewebstore.google.xn--com.detailokx-wallet-x64rga.protection-advanced.business,
domain,xn--comwalletsdownload-b54qha.protection-advanced.media,
domain,.google.xn--com.detailcoinbase-wallet-2f5wga.protection-advanced.cool,
domain,xn--com.detailcoinbase-wallet-2f5wga.protection-advanced.energy,
domain,xn--com.detailokx-wallet-x64rga.protection-advanced.energy,
domain,.google.xn--com.detailcoinbase-wallet-2f5wga.protection-advanced.energy,
domain,.google.xn--com.detailokx-wallet-x64rga.protection-advanced.energy,
domain,chromewebstore.google.xn--com.detailcoinbase-wallet-2f5wga.protection-advanced.energy,
domain,chromewebstore.google.xn--com.detailokx-wallet-x64rga.protection-advanced.energy,
domain,xn--com.detailcoinbase-wallet-2f5wga.protection-advanced.cool,
domain,xn--com.detailokx-wallet-x64rga.protection-advanced.news,
domain,.google.xn--com.detailokx-wallet-x64rga.protection-advanced.news,
domain,chromewebstore.google.xn--com.detailcoinbase-wallet-2f5wga.protection-advanced.cool,
domain,chromewebstore.google.xn--com.detailokx-wallet-x64rga.protection-advanced.news,
domain,xn--com.detailcoinbase-wallet-2f5wga.protection-advanced.services,
domain,.google.xn--com.detailcoinbase-wallet-2f5wga.protection-advanced.services,
domain,chromewebstore.google.xn--com.detailcoinbase-wallet-2f5wga.protection-advanced.services,
domain,xn--com.detailokx-wallet-x64rga.protection-advanced.technology,
domain,.google.xn--com.detailokx-wallet-x64rga.protection-advanced.technology,
domain,xn--comwalletsdownload-b54qha.protection-advanced.technology,
domain,chromewebstore.google.xn--com.detailokx-wallet-x64rga.protection-advanced.technology,
domain,web3.okx.xn--comwalletsdownload-b54qha.protection-advanced.technology,
domain,rabby.xn--iowalletsdownload-n34pha.protection-advanced.network,
domain,xn--iowalletsdownload-n34pha.comprehensive-protection.international,
domain,xn--com.detailcoinbase-wallet-2f5wga.protection-advanced.guru,
domain,.google.xn--com.detailcoinbase-wallet-2f5wga.protection-advanced.guru,
domain,chromewebstore.google.xn--com.detailcoinbase-wallet-2f5wga.protection-advanced.guru,
domain,xn--com.detailokx-wallet-x64rga.comprehensive-protection.cool,
domain,.google.xn--com.detailokx-wallet-x64rga.comprehensive-protection.cool,
domain,xn--com.detailcoinbase-wallet-2f5wga.protection-advanced.media,
domain,.google.xn--com.detailcoinbase-wallet-2f5wga.protection-advanced.media,
domain,rabby.xn--iowalletsdownload-n34pha.comprehensive-protection.international,
domain,chromewebstore.google.xn--com.detailokx-wallet-x64rga.comprehensive-protection.cool,
domain,web3.okx.xn--comwalletsdownload-b54qha.comprehensive-protection.cool,
domain,chromewebstore.google.xn--com.detailcoinbase-wallet-2f5wga.protection-advanced.media,
domain,coinbase.xn--comwalletsdownload-b54qha.protection-advanced.media,
domain,xn--com.detailcoinbase-wallet-2f5wga.protection-advanced.agency,
domain,xn--comwalletsdownload-b54qha.protection-advanced.agency,
domain,.google.xn--com.detailcoinbase-wallet-2f5wga.protection-advanced.agency,
domain,chromewebstore.google.xn--com.detailcoinbase-wallet-2f5wga.protection-advanced.agency,
domain,coinbase.xn--comwalletsdownload-b54qha.protection-advanced.agency,
domain,.google.xn--com.detailokx-wallet-x64rga.comprehensive-protection.news,
domain,xn--com.detailokx-wallet-x64rga.comprehensive-protection.news,
domain,xn--comwalletsdownload-b54qha.comprehensive-protection.news,
domain,okx.xn--comwalletsdownload-b54qha.comprehensive-protection.news,
domain,chromewebstore.google.xn--com.detailokx-wallet-x64rga.comprehensive-protection.news,
domain,web3.okx.xn--comwalletsdownload-b54qha.comprehensive-protection.news,
domain,xn--com.detailrabby-wallet-694tga.comprehensive-protection.business.comprehensive-protection.online,
domain,.google.xn--com.detailrabby-wallet-694tga.comprehensive-protection.business.comprehensive-protection.online,
domain,chromewebstore.google.xn--com.detailrabby-wallet-694tga.comprehensive-protection.business.comprehensive-protection.online,
domain,xn--iowalletsdownload-n34pha.comprehensive-protection.online,
domain,rabby.xn--iowalletsdownload-n34pha.comprehensive-protection.online,
domain,xn--comwalletsdownload-b54qha.comprehensive-protection.energy,
domain,okx.xn--comwalletsdownload-b54qha.comprehensive-protection.energy,
domain,xn--com.detailokx-wallet-x64rga.comprehensive-protection.energy,
domain,.google.xn--com.detailokx-wallet-x64rga.comprehensive-protection.energy,
domain,chromewebstore.google.xn--com.detailokx-wallet-x64rga.comprehensive-protection.energy,
domain,web3.okx.xn--comwalletsdownload-b54qha.comprehensive-protection.energy,
domain,rabby.xn--iowalletsdownload-n34pha.comprehensive-protection.company,
domain,xn--com.detailrabby-wallet-694tga.excellent-solution.center,
domain,.google.xn--com.detailrabby-wallet-694tga.excellent-solution.center,
domain,xn--com.detailrabby-wallet-694tga.excellent-solution.guru,
domain,.google.xn--com.detailrabby-wallet-694tga.excellent-solution.guru,
domain,xn--com.detailrabby-wallet-694tga.mcohilncbfrnmnbdkkobdipemccioilgbfge.international,
domain,.google.xn--com.detailrabby-wallet-694tga.mcohilncbfrnmnbdkkobdipemccioilgbfge.international,
domain,xn--com.detailrabby-wallet-694tga.mcohilncbfrnmnbdkkobdipemccioilgbfge.guru,
domain,.google.xn--com.detailrabby-wallet-694tga.mcohilncbfrnmnbdkkobdipemccioilgbfge.guru,
domain,www.pancakeswap.xn--financewa-cnnct-wallet-ovp31qyhltr879g.recommeni.ded.bio,
domain,xn--com.detailrabby-wallet-694tga.excellent-solution.network,
domain,.google.xn--com.detailrabby-wallet-694tga.excellent-solution.network,
domain,xn--com.detailrabby-wallet-694tga.excellent-solution.live,
domain,.google.xn--com.detailrabby-wallet-694tga.excellent-solution.live,
domain,xn--com.detailrabby-wallet-694tga.excellent-solution.international,
domain,.google.xn--com.detailrabby-wallet-694tga.excellent-solution.international,
domain,xn--com.detailrabby-wallet-694tga.excellent-solution.cool,
domain,.google.xn--com.detailrabby-wallet-694tga.excellent-solution.cool,
domain,xn--com.detailrabby-wallet-694tga.comprehensive-protection.international,
domain,.google.xn--com.detailrabby-wallet-694tga.comprehensive-protection.international,
domain,xn--com.detailrabby-wallet-694tga.high-security.bio,
domain,.google.xn--com.detailrabby-wallet-694tga.high-security.bio,
domain,xn--com.detailrabby-wallet-694tga.high-security.guru,
domain,.google.xn--com.detailrabby-wallet-694tga.high-security.guru,
domain,xn--com.detailrabby-wallet-694tga.comprehensive-protection.media,
domain,.google.xn--com.detailrabby-wallet-694tga.comprehensive-protection.media,
domain,xn--com.detailrabby-wallet-694tga.excellent-solution.technology,
domain,.google.xn--com.detailrabby-wallet-694tga.excellent-solution.technology,
domain,xn--com.detailrabby-wallet-694tga.high-security.international,
domain,.google.xn--com.detailrabby-wallet-694tga.high-security.international,
domain,xn--com.detailrabby-wallet-694tga.protection-advanced.business,
domain,.google.xn--com.detailrabby-wallet-694tga.protection-advanced.business,
domain,xn--com.detailrabby-wallet-694tga.high-security.energy.high-security.business,
domain,.google.xn--com.detailrabby-wallet-694tga.high-security.energy.high-security.business,
domain,xn--com.detailrabby-wallet-694tga.advanced-protection.guru,
domain,.google.xn--com.detailrabby-wallet-694tga.advanced-protection.guru,
domain,xn--com.detailrabby-wallet-694tga.advanced-protection.agency,
domain,.google.xn--com.detailrabby-wallet-694tga.advanced-protection.agency,
domain,xn--com.detailrabby-wallet-694tga.comprehensive-protection.news,
domain,.google.xn--com.detailrabby-wallet-694tga.comprehensive-protection.news,
domain,xn--com.detailrabby-wallet-694tga.high-security.agency,
domain,.google.xn--com.detailrabby-wallet-694tga.high-security.agency,
domain,xn--com.detailrabby-wallet-694tga.protection-advanced.news,
domain,.google.xn--com.detailrabby-wallet-694tga.protection-advanced.news,
domain,xn--com.detailrabby-wallet-694tga.comprehensive-protection.center,
domain,.google.xn--com.detailrabby-wallet-694tga.comprehensive-protection.center,
domain,xn--com.detailrabby-wallet-694tga.high-security.live,
domain,.google.xn--com.detailrabby-wallet-694tga.high-security.live,
domain,xn--com.detailrabby-wallet-694tga.high-security.network,
domain,.google.xn--com.detailrabby-wallet-694tga.high-security.network,
domain,.google.xn--com.detailrabby-wallet-694tga.protection-advanced.network,
domain,xn--com.detailrabby-wallet-694tga.protection-advanced.network,
domain,xn--com.detailrabby-wallet-694tga.advanced-protection.media,
domain,.google.xn--com.detailrabby-wallet-694tga.advanced-protection.media,
domain,xn--com.detailrabby-wallet-694tga.high-security.media,
domain,.google.xn--com.detailrabby-wallet-694tga.high-security.media,
domain,chromewebstore.google.xn--com.detailrabby-wallet-694tga.high-security.media,
domain,xn--com.detailrabby-wallet-694tga.protection-advanced.agency,
domain,.google.xn--com.detailrabby-wallet-694tga.protection-advanced.agency,
domain,xn--com.detailrabby-wallet-694tga.mcohilncbfrnmnbdkkobdipemccioilgbfge.agency,
domain,.google.xn--com.detailrabby-wallet-694tga.mcohilncbfrnmnbdkkobdipemccioilgbfge.agency,
domain,xn--com.detailrabby-wallet-694tga.mcohilncbfrnmnbdkkobdipemccioilgbfge.network,
domain,.google.xn--com.detailrabby-wallet-694tga.mcohilncbfrnmnbdkkobdipemccioilgbfge.network,
domain,xn--com.detailrabby-wallet-694tga.mcohilncbfrnmnbdkkobdipemccioilgbfge.media,
domain,.google.xn--com.detailrabby-wallet-694tga.mcohilncbfrnmnbdkkobdipemccioilgbfge.media,
domain,xn--com.detailrabby-wallet-694tga.excellent-solution.company,
domain,xn--com.detailrabby-wallet-694tga.mcohilncbfrnmnbdkkobdipemccioilgbfge.news,
domain,.google.xn--com.detailrabby-wallet-694tga.excellent-solution.company,
domain,.google.xn--com.detailrabby-wallet-694tga.mcohilncbfrnmnbdkkobdipemccioilgbfge.news,
domain,xn--com.detailrabby-wallet-694tga.comprehensive-protection.network,
domain,.google.xn--com.detailrabby-wallet-694tga.comprehensive-protection.network,
domain,xn--com.detailrabby-wallet-694tga.excellent-solution.news,
domain,.google.xn--com.detailrabby-wallet-694tga.excellent-solution.news,
domain,xn--com.detailrabby-wallet-694tga.excellent-solution.bio,
domain,.google.xn--com.detailrabby-wallet-694tga.excellent-solution.bio,
domain,xn--com.detailrabby-wallet-694tga.mcohilncbfrnmnbdkkobdipemccioilgbfge.cool,
domain,.google.xn--com.detailrabby-wallet-694tga.mcohilncbfrnmnbdkkobdipemccioilgbfge.cool,
domain,xn--com.detailrabby-wallet-694tga.mcohilncbfrnmnbdkkobdipemccioilgbfge.business,
domain,.google.xn--com.detailrabby-wallet-694tga.mcohilncbfrnmnbdkkobdipemccioilgbfge.business,
domain,xn--com.detailrabby-wallet-694tga.mcohilncbfrnmnbdkkobdipemccioilgbfge.center,
domain,.google.xn--com.detailrabby-wallet-694tga.mcohilncbfrnmnbdkkobdipemccioilgbfge.center,
domain,xn--com.detailrabby-wallet-694tga.mcohilncbfrnmnbdkkobdipemccioilgbfge.company,
domain,.google.xn--com.detailrabby-wallet-694tga.mcohilncbfrnmnbdkkobdipemccioilgbfge.company,
domain,xn--com.detailrabby-wallet-694tga.mcohilncbfrnmnbdkkobdipemccioilgbfge.energy,
domain,.google.xn--com.detailrabby-wallet-694tga.mcohilncbfrnmnbdkkobdipemccioilgbfge.energy,
domain,chromewebstore.google.xn--com.detailrabby-wallet-694tga.mcohilncbfrnmnbdkkobdipemccioilgbfge.center,
domain,chromewebstore.google.xn--com.detailrabby-wallet-694tga.mcohilncbfrnmnbdkkobdipemccioilgbfge.company,
domain,chromewebstore.google.xn--com.detailrabby-wallet-694tga.mcohilncbfrnmnbdkkobdipemccioilgbfge.business,
domain,chromewebstore.google.xn--com.detailrabby-wallet-694tga.mcohilncbfrnmnbdkkobdipemccioilgbfge.energy,
domain,chromewebstore.google.xn--com.detailrabby-wallet-694tga.mcohilncbfrnmnbdkkobdipemccioilgbfge.news,
domain,chromewebstore.google.xn--com.detailrabby-wallet-694tga.mcohilncbfrnmnbdkkobdipemccioilgbfge.international,
domain,chromewebstore.google.xn--com.detailrabby-wallet-694tga.mcohilncbfrnmnbdkkobdipemccioilgbfge.cool,
domain,xn--com.detailrabby-wallet-694tga.comprehensive-protection.live,
domain,.google.xn--com.detailrabby-wallet-694tga.comprehensive-protection.live,
domain,xn--com.detailrabby-wallet-694tga.mcohilncbfrnmnbdkkobdipemccioilgbfge.services,
domain,.google.xn--com.detailrabby-wallet-694tga.mcohilncbfrnmnbdkkobdipemccioilgbfge.services,
domain,xn--com.detailrabby-wallet-694tga.excellent-solution.services,
domain,.google.xn--com.detailrabby-wallet-694tga.excellent-solution.services,
domain,xn--com.detailrabby-wallet-694tga.comprehensive-protection.business,
domain,.google.xn--com.detailrabby-wallet-694tga.comprehensive-protection.business,
domain,xn--com.detailrabby-wallet-694tga.mcohilncbfrnmnbdkkobdipemccioilgbfge.bio,
domain,.google.xn--com.detailrabby-wallet-694tga.mcohilncbfrnmnbdkkobdipemccioilgbfge.bio,
domain,chromewebstore.google.xn--com.detailrabby-wallet-694tga.mcohilncbfrnmnbdkkobdipemccioilgbfge.services,
domain,chromewebstore.google.xn--com.detailrabby-wallet-694tga.mcohilncbfrnmnbdkkobdipemccioilgbfge.network,
domain,chromewebstore.google.xn--com.detailrabby-wallet-694tga.mcohilncbfrnmnbdkkobdipemccioilgbfge.bio,
domain,xn--com.detailrabby-wallet-694tga.mcohilncbfrnmnbdkkobdipemccioilgbfge.technology,
domain,.google.xn--com.detailrabby-wallet-694tga.mcohilncbfrnmnbdkkobdipemccioilgbfge.technology,
domain,chromewebstore.google.xn--com.detailrabby-wallet-694tga.mcohilncbfrnmnbdkkobdipemccioilgbfge.technology,
domain,xn--com.detailrabby-wallet-694tga.excellent-solution.media,
domain,.google.xn--com.detailrabby-wallet-694tga.excellent-solution.media,
domain,chromewebstore.google.xn--com.detailrabby-wallet-694tga.mcohilncbfrnmnbdkkobdipemccioilgbfge.media,
domain,chromewebstore.google.xn--com.detailrabby-wallet-694tga.mcohilncbfrnmnbdkkobdipemccioilgbfge.agency,
domain,chromewebstore.google.xn--com.detailrabby-wallet-694tga.mcohilncbfrnmnbdkkobdipemccioilgbfge.guru,
domain,xn--com.detailrabby-wallet-694tga.excellent-solution.agency,
domain,.google.xn--com.detailrabby-wallet-694tga.excellent-solution.agency,
domain,chromewebstore.google.xn--com.detailrabby-wallet-694tga.comprehensive-protection.media,
domain,xn--com.detailrabby-wallet-694tga.comprehensive-protection.bio,
domain,.google.xn--com.detailrabby-wallet-694tga.comprehensive-protection.bio,
domain,chromewebstore.google.xn--com.detailrabby-wallet-694tga.excellent-solution.guru,
domain,xn--com.detailrabby-wallet-694tga.comprehensive-protection.agency,
domain,.google.xn--com.detailrabby-wallet-694tga.comprehensive-protection.agency,
domain,chromewebstore.google.xn--com.detailrabby-wallet-694tga.excellent-solution.network,
domain,chromewebstore.google.xn--com.detailrabby-wallet-694tga.excellent-solution.live,
domain,chromewebstore.google.xn--com.detailrabby-wallet-694tga.excellent-solution.agency,
domain,chromewebstore.google.xn--com.detailrabby-wallet-694tga.excellent-solution.media,
domain,chromewebstore.google.xn--com.detailrabby-wallet-694tga.excellent-solution.bio,
domain,chromewebstore.google.xn--com.detailrabby-wallet-694tga.excellent-solution.technology,
domain,xn--com.detailrabby-wallet-694tga.comprehensive-protection.guru,
domain,.google.xn--com.detailrabby-wallet-694tga.comprehensive-protection.guru,
domain,xn--com.detailrabby-wallet-694tga.comprehensive-protection.cool,
domain,.google.xn--com.detailrabby-wallet-694tga.comprehensive-protection.cool,
domain,xn--com.detailrabby-wallet-694tga.excellent-solution.energy,
domain,.google.xn--com.detailrabby-wallet-694tga.excellent-solution.energy,
domain,chromewebstore.google.xn--com.detailrabby-wallet-694tga.excellent-solution.services,
domain,chromewebstore.google.xn--com.detailrabby-wallet-694tga.excellent-solution.center,
domain,xn--com.detailrabby-wallet-694tga.excellent-solution.online,
domain,.google.xn--com.detailrabby-wallet-694tga.excellent-solution.online,
domain,chromewebstore.google.xn--com.detailrabby-wallet-694tga.excellent-solution.international,
domain,chromewebstore.google.xn--com.detailrabby-wallet-694tga.excellent-solution.online,
domain,chromewebstore.google.xn--com.detailrabby-wallet-694tga.excellent-solution.cool,
domain,chromewebstore.google.xn--com.detailrabby-wallet-694tga.excellent-solution.energy,
domain,chromewebstore.google.xn--com.detailrabby-wallet-694tga.excellent-solution.company,
domain,chromewebstore.google.xn--com.detailrabby-wallet-694tga.excellent-solution.news,
domain,xn--com.detailrabby-wallet-694tga.comprehensive-protection.services,
domain,.google.xn--com.detailrabby-wallet-694tga.comprehensive-protection.services,
domain,xn--com.detailrabby-wallet-694tga.comprehensive-protection.company,
domain,.google.xn--com.detailrabby-wallet-694tga.comprehensive-protection.company,
domain,chromewebstore.google.xn--com.detailrabby-wallet-694tga.comprehensive-protection.live,
domain,chromewebstore.google.xn--com.detailrabby-wallet-694tga.comprehensive-protection.guru,
domain,xn--com.detailrabby-wallet-694tga.comprehensive-protection.technology,
domain,.google.xn--com.detailrabby-wallet-694tga.comprehensive-protection.technology,
domain,chromewebstore.google.xn--com.detailrabby-wallet-694tga.comprehensive-protection.agency,
domain,chromewebstore.google.xn--com.detailrabby-wallet-694tga.comprehensive-protection.technology,
domain,chromewebstore.google.xn--com.detailrabby-wallet-694tga.comprehensive-protection.network,
domain,chromewebstore.google.xn--com.detailrabby-wallet-694tga.comprehensive-protection.services,
domain,chromewebstore.google.xn--com.detailrabby-wallet-694tga.comprehensive-protection.bio,
domain,chromewebstore.google.xn--com.detailrabby-wallet-694tga.comprehensive-protection.cool,
domain,xn--com.detailrabby-wallet-694tga.high-security.business,
domain,xn--com.detailrabby-wallet-694tga.high-security.news,
domain,.google.xn--com.detailrabby-wallet-694tga.high-security.business,
domain,.google.xn--com.detailrabby-wallet-694tga.high-security.news,
domain,chromewebstore.google.xn--com.detailrabby-wallet-694tga.comprehensive-protection.center,
domain,xn--com.detailrabby-wallet-694tga.comprehensive-protection.online,
domain,.google.xn--com.detailrabby-wallet-694tga.comprehensive-protection.online,
domain,chromewebstore.google.xn--com.detailrabby-wallet-694tga.comprehensive-protection.international,
domain,chromewebstore.google.xn--com.detailrabby-wallet-694tga.comprehensive-protection.news,
domain,chromewebstore.google.xn--com.detailrabby-wallet-694tga.comprehensive-protection.online,
domain,chromewebstore.google.xn--com.detailrabby-wallet-694tga.comprehensive-protection.business,
domain,xn--com.detailrabby-wallet-694tga.comprehensive-protection.energy,
domain,.google.xn--com.detailrabby-wallet-694tga.comprehensive-protection.energy,
domain,chromewebstore.google.xn--com.detailrabby-wallet-694tga.comprehensive-protection.energy,
domain,chromewebstore.google.xn--com.detailrabby-wallet-694tga.comprehensive-protection.company,
domain,chromewebstore.google.xn--com.detailrabby-wallet-694tga.high-security.live,
domain,chromewebstore.google.xn--com.detailrabby-wallet-694tga.high-security.agency,
domain,chromewebstore.google.xn--com.detailrabby-wallet-694tga.high-security.bio,
domain,chromewebstore.google.xn--com.detailrabby-wallet-694tga.high-security.guru,
domain,xn--com.detailrabby-wallet-694tga.high-security.services,
domain,.google.xn--com.detailrabby-wallet-694tga.high-security.services,
domain,xn--com.detailrabby-wallet-694tga.high-security.technology,
domain,.google.xn--com.detailrabby-wallet-694tga.high-security.technology,
domain,chromewebstore.google.xn--com.detailrabby-wallet-694tga.high-security.network,
domain,chromewebstore.google.xn--com.detailrabby-wallet-694tga.high-security.technology,
domain,chromewebstore.google.xn--com.detailrabby-wallet-694tga.high-security.services,
domain,chromewebstore.google.xn--com.detailrabby-wallet-694tga.high-security.business,
domain,xn--com.detailrabby-wallet-694tga.protection-advanced.center,
domain,.google.xn--com.detailrabby-wallet-694tga.protection-advanced.center,
domain,xn--com.detailrabby-wallet-694tga.high-security.center,
domain,.google.xn--com.detailrabby-wallet-694tga.high-security.center,
domain,xn--com.detailcoinbase-wallet-extension-dw56aga.advanced-protection.network,
domain,.google.xn--com.detailcoinbase-wallet-extension-dw56aga.advanced-protection.network,
domain,xn--com.detailcoinbase-wallet-extension-dw56aga.vaulten.photography,
domain,.google.xn--com.detailcoinbase-wallet-extension-dw56aga.vaulten.photography,
domain,chromewebstore.google.xn--com.detailcoinbase-wallet-extension-dw56aga.vaulten.photography,
domain,xn--com.detailrabby-wallet-694tga.high-security.cool,
domain,.google.xn--com.detailrabby-wallet-694tga.high-security.cool,
domain,chromewebstore.google.xn--com.detailrabby-wallet-694tga.high-security.cool,
domain,chromewebstore.google.xn--com.detailrabby-wallet-694tga.high-security.international,
domain,xn--com.detailrabby-wallet-694tga.high-security.company,
domain,.google.xn--com.detailrabby-wallet-694tga.high-security.company,
domain,chromewebstore.google.xn--com.detailrabby-wallet-694tga.high-security.news,
domain,chromewebstore.google.xn--com.detailrabby-wallet-694tga.high-security.center,
domain,xn--com.detailrabby-wallet-694tga.protection-advanced.cool,
domain,xn--com.detailrabby-wallet-694tga.protection-advanced.services,
domain,.google.xn--com.detailrabby-wallet-694tga.protection-advanced.services,
domain,xn--com.detailrabby-wallet-694tga.protection-advanced.bio,
domain,.google.xn--com.detailrabby-wallet-694tga.protection-advanced.bio,
domain,xn--com.detailrabby-wallet-694tga.high-security.online,
domain,.google.xn--com.detailrabby-wallet-694tga.high-security.online,
domain,xn--com.detailrabby-wallet-694tga.protection-advanced.technology,
domain,.google.xn--com.detailrabby-wallet-694tga.protection-advanced.technology,
domain,chromewebstore.google.xn--com.detailrabby-wallet-694tga.protection-advanced.technology,
domain,chromewebstore.google.xn--com.detailrabby-wallet-694tga.high-security.online,
domain,xn--com.detailrabby-wallet-694tga.high-security.energy,
domain,.google.xn--com.detailrabby-wallet-694tga.high-security.energy,
domain,xn--com.detailrabby-wallet-694tga.protection-advanced.media,
domain,.google.xn--com.detailrabby-wallet-694tga.protection-advanced.media,
domain,.google.xn--com.detailrabby-wallet-694tga.protection-advanced.cool,
domain,xn--com.detailrabby-wallet-694tga.protection-advanced.energy,
domain,.google.xn--com.detailrabby-wallet-694tga.protection-advanced.energy,
domain,chromewebstore.google.xn--com.detailrabby-wallet-694tga.high-security.energy,
domain,chromewebstore.google.xn--com.detailrabby-wallet-694tga.protection-advanced.business,
domain,chromewebstore.google.xn--com.detailrabby-wallet-694tga.protection-advanced.energy,
domain,chromewebstore.google.xn--com.detailrabby-wallet-694tga.high-security.energy.high-security.business,
domain,chromewebstore.google.xn--com.detailrabby-wallet-694tga.protection-advanced.news,
domain,chromewebstore.google.xn--com.detailrabby-wallet-694tga.high-security.company,
domain,xn--com.detailrabby-wallet-694tga.protection-advanced.international,
domain,.google.xn--com.detailrabby-wallet-694tga.protection-advanced.international,
domain,xn--com.detailcoinbase-wallet-extension-dw56aga.advanced-protection.bio,
domain,.google.xn--com.detailcoinbase-wallet-extension-dw56aga.advanced-protection.bio,
domain,chromewebstore.google.xn--com.detailrabby-wallet-694tga.protection-advanced.international,
domain,chromewebstore.google.xn--com.detailrabby-wallet-694tga.protection-advanced.cool,
domain,chromewebstore.google.xn--com.detailrabby-wallet-694tga.protection-advanced.center,
domain,chromewebstore.google.xn--com.detailrabby-wallet-694tga.protection-advanced.services,
domain,chromewebstore.google.xn--com.detailrabby-wallet-694tga.protection-advanced.network,
domain,chromewebstore.google.xn--com.detailrabby-wallet-694tga.protection-advanced.bio,
domain,chromewebstore.google.xn--com.detailrabby-wallet-694tga.protection-advanced.media,
domain,xn--com.detailrabby-wallet-694tga.advanced-protection.live,
domain,.google.xn--com.detailrabby-wallet-694tga.advanced-protection.live,
domain,xn--com.detailrabby-wallet-694tga.protection-advanced.guru,
domain,.google.xn--com.detailrabby-wallet-694tga.protection-advanced.guru,
domain,chromewebstore.google.xn--com.detailrabby-wallet-694tga.advanced-protection.live,
domain,chromewebstore.google.xn--com.detailrabby-wallet-694tga.protection-advanced.agency,
domain,chromewebstore.google.xn--com.detailrabby-wallet-694tga.protection-advanced.guru,
domain,chromewebstore.google.xn--com.detailrabby-wallet-694tga.advanced-protection.guru,
domain,chromewebstore.google.xn--com.detailrabby-wallet-694tga.advanced-protection.agency,
domain,chromewebstore.google.xn--com.detailrabby-wallet-694tga.advanced-protection.media,
domain,chromewebstore.google.xn--com.detailcoinbase-wallet-extension-dw56aga.advanced-protection.bio,
domain,chromewebstore.google.xn--com.detailcoinbase-wallet-extension-dw56aga.advanced-protection.network,
domain,xn--com.detailtrust-wallet-extension-hr53aga.mcohilncbfrnmnbdkknblpemccioilgbfge.company.advanced-protection.services,
domain,.google.xn--com.detailtrust-wallet-extension-hr53aga.mcohilncbfrnmnbdkknblpemccioilgbfge.company.advanced-protection.services,
domain,xn--com.detailtrust-wallet-extension-hr53aga.mcohilncbfrnmnbdkknblpemccioilgbfge.company..hyprifouindaitlinon..equipment,
domain,.google.xn--com.detailtrust-wallet-extension-hr53aga.mcohilncbfrnmnbdkknblpemccioilgbfge.company..hyprifouindaitlinon..equipment,
domain,chromewebstore.google.xn--com.detailtrust-wallet-extension-hr53aga.mcohilncbfrnmnbdkknblpemccioilgbfge.company.advanced-protection.services,
domain,chromewebstore.google.xn--com.detailtrust-wallet-extension-hr53aga.mcohilncbfrnmnbdkknblpemccioilgbfge.company..hyprifouindaitlinon..equipment,
domain,xn--com.detailrabby-wallet-694tga.mcohilncbfrnmnbdkkobdipemccioilgbfge.live,
domain,.google.xn--com.detailrabby-wallet-694tga.mcohilncbfrnmnbdkkobdipemccioilgbfge.live,
domain,chromewebstore.google.xn--com.detailrabby-wallet-694tga.mcohilncbfrnmnbdkkobdipemccioilgbfge.live,
domain,xn--cmdtilrbby-wllt-xlmdf7fo5o3001hga.mcohilncbfrnmnbdkkobdipemccioilgbfge.live,
domain,xn--ggle-55da.xn--cmdtilrbby-wllt-xlmdf7fo5o3001hga.mcohilncbfrnmnbdkkobdipemccioilgbfge.live,
domain,xn--hrmwbstor-i0hbf1isb.xn--ggle-55da.xn--cmdtilrbby-wllt-xlmdf7fo5o3001hga.mcohilncbfrnmnbdkkobdipemccioilgbfge.live,
domain,xn--financeswap-connect-wallet-gj5y.excellent-solution.guru,
domain,xn--financeswap-connect-wallet-gj5y.excellent-solution.agency,
domain,xn--financeswap-connect-wallet-gj5y.excellent-solution.media,
domain,xn--financeswap-connect-wallet-gj5y.excellent-solution.bio,
domain,xn--financeswap-connect-wallet-gj5y.excellent-solution.network,
domain,xn--financeswap-connect-wallet-gj5y.excellent-solution.news,
domain,xn--financeswap-connect-wallet-gj5y.excellent-solution.center,
domain,xn--financeswap-connect-wallet-gj5y.excellent-solution.services,
domain,xn--financeswap-connect-wallet-gj5y.excellent-solution.cool,
domain,xn--financeswap-connect-wallet-gj5y.excellent-solution.international,
domain,xn--financeswap-connect-wallet-gj5y.recommeni.ded.bio,
domain,xn--financeswap-connect-wallet-gj5y.recommenn.ded.network,
domain,xn--financeswap-connect-wallet-gj5y.recommenl.ded.media,
domain,xn--financeswap-connect-wallet-gj5y.excellent-solution.live,
domain,pancakeswap.xn--financeswap-connect-wallet-gj5y.recommenl.ded.services,
domain,xn--financeswap-connect-wallet-gj5y.recommnen.ded.guru,
domain,xn--financeswap-connect-wallet-gj5y.recommen.ded.technology,
domain,xn--financeswap-connect-wallet-gj5y.recommen.ded.center,
domain,xn--financeswap-connect-wallet-gj5y.excellent-solution.company,
domain,xn--financeswap-connect-wallet-gj5y.recommenn.ded.live,
domain,xn--financeswap-connect-wallet-gj5y.recomnmen.ded.agency,
domain,xn--financeswap-connect-wallet-gj5y.recommen.ded.center.recommenl.ded.services,
domain,pancakeswap.xn--financeswap-connect-wallet-gj5y.excellent-solution.live,
domain,pancakeswap.xn--financeswap-connect-wallet-gj5y.excellent-solution.guru,
domain,pancakeswap.xn--financeswap-connect-wallet-gj5y.excellent-solution.agency,
domain,pancakeswap.xn--financeswap-connect-wallet-gj5y.excellent-solution.media,
domain,pancakeswap.xn--financeswap-connect-wallet-gj5y.excellent-solution.bio,
domain,pancakeswap.xn--financeswap-connect-wallet-gj5y.excellent-solution.network,
domain,pancakeswap.xn--financeswap-connect-wallet-gj5y.excellent-solution.news,
domain,pancakeswap.xn--financeswap-connect-wallet-gj5y.recomnmen.ded.agency,
domain,pancakeswap.xn--financeswap-connect-wallet-gj5y.excellent-solution.center,
domain,xn--financeswap-connect-wallet-gj5y.excellent-solution.technology,
domain,pancakeswap.xn--financeswap-connect-wallet-gj5y.excellent-solution.technology,
domain,pancakeswap.xn--financeswap-connect-wallet-gj5y.excellent-solution.services,
domain,pancakeswap.xn--financeswap-connect-wallet-gj5y.excellent-solution.cool,
domain,pancakeswap.xn--financeswap-connect-wallet-gj5y.excellent-solution.international,
domain,xn--financeswap-connect-wallet-gj5y.excellent-solution.online,
domain,pancakeswap.xn--financeswap-connect-wallet-gj5y.excellent-solution.online,
domain,xn--financeswap-connect-wallet-gj5y.excellent-solution.energy,
domain,pancakeswap.xn--financeswap-connect-wallet-gj5y.excellent-solution.company,
domain,pancakeswap.xn--financeswap-connect-wallet-gj5y.excellent-solution.energy,
domain,pancakeswap.xn--financeswap-connect-wallet-gj5y.recommnen.ded.guru,
domain,pancakeswap.xn--financeswap-connect-wallet-gj5y.recommenn.ded.live,
domain,pancakeswap.xn--financeswap-connect-wallet-gj5y.recommeni.ded.bio,
domain,pancakeswap.xn--financeswap-connect-wallet-gj5y.recommenl.ded.media,
domain,pancakeswap.xn--financeswap-connect-wallet-gj5y.recommen.ded.technology,
domain,pancakeswap.xn--financeswap-connect-wallet-gj5y.recommen.ded.center.recommenl.ded.services,
domain,pancakeswap.xn--financeswap-connect-wallet-gj5y.recommenn.ded.network,
domain,pancakeswap.xn--financeswap-connect-wallet-gj5y.recommen.ded.center,
domain,xn--financewa-cnnct-wallet-ovp31qyhltr879g.excellent-solution.news,
domain,xn--financewa-cnnct-wallet-ovp31qyhltr879g.recomnmen.ded.agency,
domain,xn--financewa-cnnct-wallet-ovp31qyhltr879g.recommnen.ded.guru,
domain,xn--financewa-cnnct-wallet-ovp31qyhltr879g.excellent-solution.agency,
domain,xn--financewa-cnnct-wallet-ovp31qyhltr879g.excellent-solution.company,
domain,xn--financewa-cnnct-wallet-ovp31qyhltr879g.excellent-solution.guru,
domain,xn--financewa-cnnct-wallet-ovp31qyhltr879g.recommen.ded.cool,
domain,xn--financewa-cnnct-wallet-ovp31qyhltr879g.recommenn.ded.network,
domain,xn--financewa-cnnct-wallet-ovp31qyhltr879g.excellent-solution.international,
domain,xn--financewa-cnnct-wallet-ovp31qyhltr879g.recommenn.ded.business,
domain,xn--financewa-cnnct-wallet-ovp31qyhltr879g.excellent-solution.media,
domain,xn--financewa-cnnct-wallet-ovp31qyhltr879g.excellent-solution.bio,
domain,xn--financewa-cnnct-wallet-ovp31qyhltr879g.excellent-solution.live,
domain,pancakeswap.xn--financewa-cnnct-wallet-ovp31qyhltr879g.excellent-solution.agency,
domain,pancakeswap.xn--financewa-cnnct-wallet-ovp31qyhltr879g.excellent-solution.live,
domain,pancakeswap.xn--financewa-cnnct-wallet-ovp31qyhltr879g.excellent-solution.guru,
domain,pancakeswap.xn--financewa-cnnct-wallet-ovp31qyhltr879g.excellent-solution.media,
domain,pancakeswap.xn--financewa-cnnct-wallet-ovp31qyhltr879g.excellent-solution.bio,
domain,xn--financewa-cnnct-wallet-ovp31qyhltr879g.excellent-solution.network,
domain,pancakeswap.xn--financewa-cnnct-wallet-ovp31qyhltr879g.excellent-solution.network,
domain,xn--financewa-cnnct-wallet-ovp31qyhltr879g.excellent-solution.technology,
domain,pancakeswap.xn--financewa-cnnct-wallet-ovp31qyhltr879g.excellent-solution.technology,
domain,xn--financewa-cnnct-wallet-ovp31qyhltr879g.excellent-solution.center,
domain,xn--financewa-cnnct-wallet-ovp31qyhltr879g.excellent-solution.services,
domain,xn--financewa-cnnct-wallet-ovp31qyhltr879g.excellent-solution.cool,
domain,pancakeswap.xn--financewa-cnnct-wallet-ovp31qyhltr879g.excellent-solution.cool,
domain,pancakeswap.xn--financewa-cnnct-wallet-ovp31qyhltr879g.excellent-solution.services,
domain,xn--financewa-cnnct-wallet-ovp31qyhltr879g.excellent-solution.online,
domain,pancakeswap.xn--financewa-cnnct-wallet-ovp31qyhltr879g.excellent-solution.center,
domain,pancakeswap.xn--financewa-cnnct-wallet-ovp31qyhltr879g.excellent-solution.international,
domain,pancakeswap.xn--financewa-cnnct-wallet-ovp31qyhltr879g.excellent-solution.online,
domain,xn--financewa-cnnct-wallet-ovp31qyhltr879g.excellent-solution.energy,
domain,pancakeswap.xn--financewa-cnnct-wallet-ovp31qyhltr879g.excellent-solution.energy,
domain,pancakeswap.xn--financewa-cnnct-wallet-ovp31qyhltr879g.excellent-solution.news,
domain,pancakeswap.xn--financewa-cnnct-wallet-ovp31qyhltr879g.excellent-solution.company,
domain,xn--financewa-cnnct-wallet-ovp31qyhltr879g.recommenl.ded.services,
domain,xn--financewa-cnnct-wallet-ovp31qyhltr879g.recommenn.ded.live,
domain,xn--financewa-cnnct-wallet-ovp31qyhltr879g.recommenl.ded.media,
domain,xn--financewa-cnnct-wallet-ovp31qyhltr879g.recommeni.ded.bio,
domain,pancakeswap.xn--financewa-cnnct-wallet-ovp31qyhltr879g.recommenn.ded.live,
domain,pancakeswap.xn--financewa-cnnct-wallet-ovp31qyhltr879g.recommnen.ded.guru,
domain,pancakeswap.xn--financewa-cnnct-wallet-ovp31qyhltr879g.recomnmen.ded.agency,
domain,pancakeswap.xn--financewa-cnnct-wallet-ovp31qyhltr879g.recommenl.ded.media,
domain,pancakeswap.xn--financewa-cnnct-wallet-ovp31qyhltr879g.recommeni.ded.bio,
domain,xn--financewa-cnnct-wallet-ovp31qyhltr879g.recommen.ded.technology,
domain,pancakeswap.xn--financewa-cnnct-wallet-ovp31qyhltr879g.recommenn.ded.network,
domain,xn--financewa-cnnct-wallet-ovp31qyhltr879g.recommeln.ded.company,
domain,pancakeswap.xn--financewa-cnnct-wallet-ovp31qyhltr879g.recommen.ded.technology,
domain,pancakeswap.xn--financewa-cnnct-wallet-ovp31qyhltr879g.recommenl.ded.services,
domain,xn--financewa-cnnct-wallet-ovp31qyhltr879g.recommen.ded.international,
domain,xn--financewa-cnnct-wallet-ovp31qyhltr879g.recommen.ded.center,
domain,xn--financewa-cnnct-wallet-ovp31qyhltr879g.recommen.ded.news,
domain,pancakeswap.xn--financewa-cnnct-wallet-ovp31qyhltr879g.recommen.ded.center,
domain,pancakeswap.xn--financewa-cnnct-wallet-ovp31qyhltr879g.recommen.ded.cool,
domain,pancakeswap.xn--financewa-cnnct-wallet-ovp31qyhltr879g.recommen.ded.international,
domain,pancakeswap.xn--financewa-cnnct-wallet-ovp31qyhltr879g.recommen.ded.news,
domain,xn--financewa-cnnct-wallet-ovp31qyhltr879g.recommenl.ded.online,
domain,xn--financewa-cnnct-wallet-ovp31qyhltr879g.recommen.ded.energy,
domain,pancakeswap.xn--financewa-cnnct-wallet-ovp31qyhltr879g.recommenl.ded.online,
domain,pancakeswap.xn--financewa-cnnct-wallet-ovp31qyhltr879g.recommen.ded.energy,
domain,pancakeswap.xn--financewa-cnnct-wallet-ovp31qyhltr879g.recommenn.ded.business,
domain,pancakeswap.xn--financewa-cnnct-wallet-ovp31qyhltr879g.recommeln.ded.company,
domain,xn--iohardware-wallet-n34p.com.de,
domain,*.xn--iohardware-wallet-n34p.best,
domain,xn--iohardware-wallet-n34p.best,
domain,www.xn--iohardware-wallet-n34p.best,
domain,microsoft.xn--commeetup-join19meeting-ge5vla.x1ls8966x1kpvhfamqo.com,
domain,microsoft.xn--commeetup-join19meeting-ge5vla.1lckz6ox3gfx4l6wud7.com,
domain,xn--commeetup-join19meeting-ge5vla.otc4zjbhztytnji4ny0.com ,
domain,microsoft.xn--commeetup-join19meeting-ge5vla.otc4zjbhztytnji4ny0.com,
domain,826.exe.carnegie.workers.dev,C2 domain from malware
ip,104.21.112.1,C2 IP from malware
sha256,8ece4a3bade0e297d4e81120f6361fcb02a04ae181a3066b28bf3fd0056d9d11,Malware hash of fake Rabby Wallet installer

