Domain,fifaworldcup2026bostonhotels.com
Domain,fifaworldcup2026dallashotels.com
Domain,fifaworldcup2026guadalajarahotels.com
Domain,fifaworldcup2026hotel.com
Domain,fifaworldcup2026hotels.com
Domain,fifaworldcup2026houstonhotels.com
Domain,fifaworldcup2026losangeleshotels.com
Domain,fifaworldcup2026mexicocityhotels.com
Domain,fifaworldcup2026miamihotels.com
Domain,fifaworldcup2026monterreyhotels.com
Domain,fifaworldcup2026newyorkhotels.com
Domain,fifaworldcup2026philadelphiahotels.com
Domain,fifaworldcup2026seattlehotels.com
Domain,fifaworldcup2026torontohotels.com
Domain,fifaworldcup2026vancouverhotels.com
Domain,worldcup2026ticket.shop
Domain,worldcup2026bitcoinbettingpredictions.net
