Type,Data,Info
Description,https://www.netcraft.com/blog/taxpayers-drivers-targeted-in-refund-and-road-toll-smishing-scams,Domains involved in a smishing scam using tax refunds and road tolls as a lure
Domain,alabama.com-payhbv.vip,
Domain,alabama.mobile-abe.vip,
Domain,alabama.mobile-aye.vip,
Domain,alabama.mobile-bcm.vip,
Domain,alabama.mobile-bnv.vip,
Domain,alabama.mobile-buq.vip,
Domain,alabama.mobile-ctw.vip,
Domain,alabama.mobile-cxk.vip,
Domain,alabama.mobile-dsi.vip,
Domain,alabama.mobile-fbf.vip,
Domain,alabama.mobile-gae.vip,
Domain,alabama.mobile-gkj.vip,
Domain,alabama.mobile-gvm.vip,
Domain,alabama.mobile-gxw.vip,
Domain,alabama.mobile-itc.vip,
Domain,alabama.mobile-juz.vip,
Domain,alabama.mobile-kwa.vip,
Domain,alabama.mobile-oev.vip,
Domain,alabama.mobile-ohh.vip,
Domain,alabama.mobile-tew.vip,
Domain,alabama.mobile-txj.vip,
Domain,alabama.mobile-uhk.vip,
Domain,alabama.mobile-wkl.vip,
Domain,alabama.mobile-zf.vip,
Domain,alabama.mobile-zkn.vip,
Domain,alabama.mobile-zrj.vip,
Domain,alabama.mobile-zzv.vip,
Domain,anpomo.shop,
Domain,appsnd.taxwl.cc,
Domain,betkom651.com,
Domain,bzst.com-payyd.my,
Domain,ca.com-lacitfkr.cc,
Domain,ca.goumf.cc,
Domain,ca.goumg.cc,
Domain,canada.ca-payyr.cc,
Domain,canada.ca.servicestaxe.top,
Domain,canada.ca.servicestaxes.top,
Domain,canada.com-myylo.vip,
Domain,columbus.paywev.cc,
Domain,comptroller.com-caadv.my,
Domain,comptroller.com-caigd.my,
Domain,comptroller.com-cakcv.my,
Domain,comptroller.com-capsh.my,
Domain,comptroller.paydasm.cc,
Domain,comptroller.payfghj.cc,
Domain,comptroller.payflka.cc,
Domain,comptroller.payflkc.cc,
Domain,comptroller.payflkn.cc,
Domain,craservices.599785.com,
Domain,ct.com-caqlz.my,
Domain,ct.com-paynhs.vip,
Domain,ct.com-payxuw.vip,
Domain,ct.goumd.cc,
Domain,ct.goumn.click,
Domain,ct.goumo.cc,
Domain,ct.goump.cc,
Domain,ct.goumr.cc,
Domain,ct.goums.cc,
Domain,ct.goumt.cc,
Domain,ct.goumu.cc,
Domain,ct.goumy.cc,
Domain,ctpteam.us.cc,
Domain,ctptsv.us.cc,
Domain,ddhl.us.cc,
Domain,de.delaware-im.cc,
Domain,delaware.mobile-pmn.vip,
Domain,dgt.htef.cc,
Domain,dhacl.shop,
Domain,dhl-team.us.cc,
Domain,dhl-vip.us.cc,
Domain,dhll.us.cc,
Domain,dhlnet.us.cc,
Domain,dhlofic.us.cc,
Domain,dhlorg.us.cc,
Domain,dhlteam.us.cc,
Domain,dhlvip.us.cc,
Domain,dhlvips.us.cc,
Domain,dmvca.gov-coee.cc,
Domain,dmvca.gov-coeq.cc,
Domain,dmvca.gov-coew.cc,
Domain,dpm.baby,
Domain,evri.tracktw.top,
Domain,evri.trackyq.top,
Domain,evriiouk.qpon,
Domain,ezpass.gov-coee.cc,
Domain,ezpass.gov-coeq.cc,
Domain,ezpass.gov-coew.cc,
Domain,ezpass.payatk.cc,
Domain,ezpass.payatn.cc,
Domain,ezpass.payatv.cc,
Domain,ezpass.payatw.cc,
Domain,ezpass.paycia.cc,
Domain,ezpass.payciv.cc,
Domain,ezpass.paycix.cc,
Domain,ezpass.payciz.cc,
Domain,ezpass.paydia.cc,
Domain,ezpass.payhev.cc,
Domain,ezpass.payiea.cc,
Domain,ezpass.payieo.cc,
Domain,ezpass.payier.cc,
Domain,ezpass.payiet.cc,
Domain,ezpass.payieu.cc,
Domain,ezpass.payiev.cc,
Domain,ezpass.paykce.cc,
Domain,ezpass.paykie.cc,
Domain,ezpass.paykiz.cc,
Domain,ezpass.paylke.cc,
Domain,ezpass.paylki.cc,
Domain,ezpass.paylkr.cc,
Domain,ezpass.paylkt.cc,
Domain,ezpass.paylku.cc,
Domain,ezpass.paylkw.cc,
Domain,ezpass.paylky.cc,
Domain,ezpass.paynzb.cc,
Domain,ezpass.paynzk.cc,
Domain,ezpass.paynzm.cc,
Domain,ezpass.paynzv.cc,
Domain,ezpass.paynzx.cc,
Domain,ezpass.payroe.cc,
Domain,ezpass.payrom.cc,
Domain,ezpass.payron.cc,
Domain,ezpass.payrot.cc,
Domain,ezpass.payrou.cc,
Domain,ezpass.payrov.cc,
Domain,ezpass.payrox.cc,
Domain,ezpass.paytsa.cc,
Domain,ezpass.paytse.cc,
Domain,ezpass.paytsi.cc,
Domain,ezpass.paytso.cc,
Domain,ezpass.paytsr.cc,
Domain,ezpass.paytsu.cc,
Domain,ezpass.paytsw.cc,
Domain,ezpass.paytsx.cc,
Domain,ezpass.paytsz.cc,
Domain,ezpass.payuel.cc,
Domain,ezpass.payues.cc,
Domain,ezpass.payuet.cc,
Domain,ezpass.payxer.cc,
Domain,ezpass.payxet.cc,
Domain,fl.azdmv.cc,
Domain,fl.ewdmv.cc,
Domain,fl.goumad.cc,
Domain,fl.goumaf.cc,
Domain,fl.goumag.cc,
Domain,fl.goumah.cc,
Domain,fl.goumak.cc,
Domain,fl.goumas.cc,
Domain,fl.goumax.cc,
Domain,fl.goumh.cc,
Domain,fl.goumh.click,
Domain,fl.goumj.cc,
Domain,fl.goumk.cc,
Domain,fl.goumv.cc,
Domain,fl.goumv.click,
Domain,fl.goumva.cc,
Domain,fl.goumvcb.cc,
Domain,fl.goumvcd.cc,
Domain,fl.goumvce.cc,
Domain,fl.goumvcg.cc,
Domain,fl.goumvch.cc,
Domain,fl.goumvci.cc,
Domain,fl.goumvcj.cc,
Domain,fl.goumvcl.cc,
Domain,fl.goumvcm.cc,
Domain,fl.goumvcn.cc,
Domain,fl.goumvco.cc,
Domain,fl.goumvcq.cc,
Domain,fl.goumvcr.cc,
Domain,fl.goumvct.cc,
Domain,fl.goumvcu.cc,
Domain,fl.goumvcv.cc,
Domain,fl.goumvcw.cc,
Domain,fl.goumvcy.cc,
Domain,fl.goumvcz.cc,
Domain,fl.goumvs.cc,
Domain,fl.goumx.cc,
Domain,fl.goumz.cc,
Domain,fl.gqdmva.cc,
Domain,fl.gqdmvd.cc,
Domain,fl.gqdmvf.cc,
Domain,fl.gqdmvs.cc,
Domain,fl.hsdmv.cc,
Domain,fl.hxdmv.cc,
Domain,fl.kodmv.cc,
Domain,fl.krdmv.cc,
Domain,fl.kudmv.cc,
Domain,fl.kwdmv.cc,
Domain,fl.xzdmv.cc,
Domain,flhsmv.fdmvutm.vip,
Domain,florida.revenuetfz.cc,
Domain,floridarevenue.us.cc,
Domain,floridarevenued.us.cc,
Domain,floridarevenuef.us.cc,
Domain,floridarevenueh.us.cc,
Domain,floridarevenuek.us.cc,
Domain,floridarevenuel.us.cc,
Domain,floridarevenueq.us.cc,
Domain,floridarevenues.us.cc,
Domain,floridarevenuew.us.cc,
Domain,ftb.com-myhtj.vip,
Domain,getipass.refur-trw.cc,
Domain,goumad.cc,
Domain,goumd.cc,
Domain,goumh.cc,
Domain,goumk.cc,
Domain,goump.cc,
Domain,goumt.cc,
Domain,goumu.cc,
Domain,goumv.cc,
Domain,goumva.cc,
Domain,goumvca.cc,
Domain,goumvcb.cc,
Domain,goumvcd.cc,
Domain,goumvce.cc,
Domain,goumvcf.cc,
Domain,goumvcg.cc,
Domain,goumvch.cc,
Domain,goumvci.cc,
Domain,goumvcj.cc,
Domain,goumvcl.cc,
Domain,goumvcm.cc,
Domain,goumvcn.cc,
Domain,goumvco.cc,
Domain,goumvcq.cc,
Domain,goumvcr.cc,
Domain,goumvcs.cc,
Domain,goumvct.cc,
Domain,goumvcu.cc,
Domain,goumvcv.cc,
Domain,goumvcw.cc,
Domain,goumvcx.cc,
Domain,goumvcy.cc,
Domain,goumvcz.cc,
Domain,goumvs.cc,
Domain,goumz.cc,
Domain,gov-dwpop.top,
Domain,gov-dwpqid.top,
Domain,gov-dwpqih.top,
Domain,gov-dwpqii.top,
Domain,gov-dwpqik.top,
Domain,gov-dwpqit.top,
Domain,gov-dwpqiy.top,
Domain,gov-dwpqoa.top,
Domain,gov-dwpqod.top,
Domain,gov-dwpqof.top,
Domain,gov-dwpqoi.top,
Domain,gov-dwpqoo.top,
Domain,gov-dwpqop.top,
Domain,gov-dwpqos.top,
Domain,gov-dwpqta.top,
Domain,gov-dwpqte.top,
Domain,gov-dwpqti.top,
Domain,gov-dwpqto.top,
Domain,gov-dwpqtp.top,
Domain,gov-dwpqtr.top,
Domain,gov-dwpqts.top,
Domain,gov-dwpqtt.top,
Domain,gov-dwpqtu.top,
Domain,gov-dwpqty.top,
Domain,gov-dwpqun.top,
Domain,gov-dwpquv.top,
Domain,gov.uk-dwpcae.icu,
Domain,gov.uk-dwpcat.icu,
Domain,gov.uk-dwpilr.icu,
Domain,gov.uk-dwpilt.icu,
Domain,gov.uk-dwpilu.icu,
Domain,gov.uk-dwpily.icu,
Domain,gov.uk-dwplh.icu,
Domain,gov.uk-dwpli.icu,
Domain,gov.uk-dwplib.icu,
Domain,gov.uk-dwplic.icu,
Domain,gov.uk-dwplik.icu,
Domain,gov.uk-dwplim.icu,
Domain,gov.uk-dwplin.icu,
Domain,gov.uk-dwplir.icu,
Domain,gov.uk-dwplis.icu,
Domain,gov.uk-dwplit.icu,
Domain,gov.uk-dwpliu.icu,
Domain,gov.uk-dwplix.icu,
Domain,gov.uk-dwpliy.icu,
Domain,gov.uk-dwpliz.icu,
Domain,gov.uk-dwplsb.icu,
Domain,gov.uk-dwplsi.icu,
Domain,gov.uk-dwplsn.icu,
Domain,gov.uk-dwplsu.icu,
Domain,gov.uk-dwplsy.icu,
Domain,gov.uk-dwplz.icu,
Domain,gov.uk-dwpme.icu,
Domain,gov.uk-dwpmr.icu,
Domain,gov.uk-dwpns.icu,
Domain,gov.uk-dwpuab.icu,
Domain,gov.uk-dwpuac.icu,
Domain,gov.uk-dwpuae.icu,
Domain,gov.uk-dwpuah.icu,
Domain,gov.uk-dwpuak.icu,
Domain,gov.uk-dwpuan.icu,
Domain,gov.uk-dwpuar.icu,
Domain,gov.uk-dwpuas.icu,
Domain,gov.uk-dwpuat.icu,
Domain,gov.uk-dwpuaz.icu,
Domain,gov.uk-dwpukb.icu,
Domain,gov.uk-dwpukc.icu,
Domain,gov.uk-dwpukd.icu,
Domain,gov.uk-dwpuki.icu,
Domain,gov.uk-dwpukn.icu,
Domain,gov.uk-dwpukr.icu,
Domain,gov.uk-dwpuks.icu,
Domain,gov.uk-dwpukt.icu,
Domain,gov.uk-dwpukv.icu,
Domain,gov.uk-dwpuky.icu,
Domain,gov.uk-dwpukz.icu,
Domain,gov.uk-wk.icu,
Domain,govmgbcpark.qpon,
Domain,govmgbparkin.cfd,
Domain,gqdmva.cc,
Domain,gqdmvd.cc,
Domain,gqdmvf.cc,
Domain,gqdmvs.cc,
Domain,hcdistrictclerk.lgaci.vip,
Domain,hcdistrictclerk.lgacq.vip,
Domain,hcdistrictclerk.lgacr.vip,
Domain,hcdistrictclerk.lgact.vip,
Domain,hcdistrictclerk.lgacu.vip,
Domain,hcdistrictclerk.lgacw.vip,
Domain,hcdistrictclerk.lgacy.vip,
Domain,hcdistrictclerk.lgbad.vip,
Domain,hcdistrictclerk.lgbah.vip,
Domain,hcdistrictclerk.lgbga.vip,
Domain,hcdistrictclerk.lgbgb.vip,
Domain,hcdistrictclerk.lgbgc.vip,
Domain,hcdistrictclerk.lgbgd.vip,
Domain,hcdistrictclerk.lgbge.vip,
Domain,hcdistrictclerk.lgbgf.vip,
Domain,hcdistrictclerk.lgbgg.vip,
Domain,hcdistrictclerk.lgbgh.vip,
Domain,hcdistrictclerk.lgbgi.vip,
Domain,hcdistrictclerk.lgbgj.vip,
Domain,hcdistrictclerk.lgbgk.vip,
Domain,hcdistrictclerk.lgbgl.vip,
Domain,hcdistrictclerk.lgbgm.vip,
Domain,hcdistrictclerk.lgbgn.vip,
Domain,hcdistrictclerk.lgbgo.vip,
Domain,hcdistrictclerk.lgbgp.vip,
Domain,hcdistrictclerk.lgbka.vip,
Domain,hcdistrictclerk.lgbkb.vip,
Domain,hcdistrictclerk.lgbkc.vip,
Domain,hcdistrictclerk.lgbkd.vip,
Domain,hcdistrictclerk.lgbke.vip,
Domain,hcdistrictclerk.lgbkf.vip,
Domain,hcdistrictclerk.lgbkg.vip,
Domain,hcdistrictclerk.lgbki.vip,
Domain,hcdistrictclerk.lgbkj.vip,
Domain,hcdistrictclerk.lgbkk.vip,
Domain,hcdistrictclerk.lgbkq.vip,
Domain,hcdistrictclerk.lgbks.vip,
Domain,hcdistrictclerk.lgbkt.vip,
Domain,hcdistrictclerk.lgbku.vip,
Domain,hcdistrictclerk.lgbkv.vip,
Domain,hcdistrictclerk.lgbkx.vip,
Domain,hcdistrictclerk.lgbra.vip,
Domain,hcdistrictclerk.lgbrb.vip,
Domain,hcdistrictclerk.lgbrc.vip,
Domain,hcdistrictclerk.lgbre.vip,
Domain,hcdistrictclerk.lgbrf.vip,
Domain,hcdistrictclerk.lgbrg.vip,
Domain,hcdistrictclerk.lgbrh.vip,
Domain,hcdistrictclerk.lgbri.vip,
Domain,hcdistrictclerk.lgbrj.vip,
Domain,hcdistrictclerk.lgbrk.vip,
Domain,hcdistrictclerk.lgbrl.vip,
Domain,hcdistrictclerk.lgbrm.vip,
Domain,hcdistrictclerk.lgbrn.vip,
Domain,hcdistrictclerk.lgbro.vip,
Domain,hcdistrictclerk.lgbrp.vip,
Domain,hcdistrictclerk.lgbrr.vip,
Domain,hcdistrictclerk.lgbrt.vip,
Domain,hcdistrictclerk.lgbru.vip,
Domain,hcdistrictclerk.lgbrx.vip,
Domain,hcdistrictclerk.lgbsa.vip,
Domain,hcdistrictclerk.lgbsb.vip,
Domain,hcdistrictclerk.lgbsc.vip,
Domain,hcdistrictclerk.lgbsd.vip,
Domain,hcdistrictclerk.lgbse.vip,
Domain,hcdistrictclerk.lgbsf.vip,
Domain,hcdistrictclerk.lgbsg.vip,
Domain,hcdistrictclerk.lgbsh.vip,
Domain,hcdistrictclerk.lgbsi.vip,
Domain,hcdistrictclerk.lgbsj.vip,
Domain,hcdistrictclerk.lgbsk.vip,
Domain,hcdistrictclerk.lgbsl.vip,
Domain,hcdistrictclerk.lgbsm.vip,
Domain,hcdistrictclerk.lgbsn.vip,
Domain,hcdistrictclerk.lgbso.vip,
Domain,hcdistrictclerk.lgbsp.vip,
Domain,hcdistrictclerk.lgbsq.vip,
Domain,hcdistrictclerk.lgbss.vip,
Domain,hcdistrictclerk.lgbst.vip,
Domain,hcdistrictclerk.lgbsu.vip,
Domain,hcdistrictclerk.lgbua.vip,
Domain,hcdistrictclerk.lgbub.vip,
Domain,hcdistrictclerk.lgbuc.vip,
Domain,hcdistrictclerk.lgbud.vip,
Domain,hcdistrictclerk.lgbue.vip,
Domain,hcdistrictclerk.lgbuf.vip,
Domain,hcdistrictclerk.lgbug.vip,
Domain,hcdistrictclerk.lgbuh.vip,
Domain,hcdistrictclerk.lgbui.vip,
Domain,hcdistrictclerk.lgbuj.vip,
Domain,hcdistrictclerk.lgbuk.vip,
Domain,hcdistrictclerk.lgbul.vip,
Domain,hcdistrictclerk.lgbum.vip,
Domain,hcdistrictclerk.lgbun.vip,
Domain,hcdistrictclerk.lgbuo.vip,
Domain,hcdistrictclerk.lgbup.vip,
Domain,hcdistrictclerk.lgbuq.vip,
Domain,hcdistrictclerk.lgbur.vip,
Domain,hcdistrictclerk.lgbus.vip,
Domain,hcdistrictclerk.lgbut.vip,
Domain,hcdistrictclerk.lgbuu.vip,
Domain,hcdistrictclerk.lgbuv.vip,
Domain,hcdistrictclerk.lgbuw.vip,
Domain,hcdistrictclerk.lgbux.vip,
Domain,hcdistrictclerk.lgbuy.vip,
Domain,hcdistrictclerk.lgbuz.vip,
Domain,hcdistrictclerk.lgdna.vip,
Domain,hcdistrictclerk.lgdnm.vip,
Domain,hcdistrictclerk.lgrnb.vip,
Domain,hcdistrictclerk.lgrnv.vip,
Domain,hcdistrictclerk.lgsikaz.vip,
Domain,hermers.com-dpwc.vip,
Domain,icbc.com-appla.cc,
Domain,icbc.com-applo.cc,
Domain,icbc.com-applp.cc,
Domain,icbc.com-hansn.cc,
Domain,icbc.com-hansz.cc,
Domain,icbc.com-safedb.cc,
Domain,icbc.com-safedv.cc,
Domain,icbc.mobile-jvk.cc,
Domain,icbc.safedrivingez.cc,
Domain,icbc.safedrivingye.city,
Domain,in.com-paycvk.vip,
Domain,ladot.lacity-gour.cc,
Domain,ladot.lacity-gouy.cc,
Domain,maryland.payhca.cc,
Domain,maryland.payhie.cc,
Domain,mass.hcpay.cc,
Domain,mass.hvpay.cc,
Domain,mass.hvpaybrf.cc,
Domain,mass.kipay.cc,
Domain,mass.kjpay.cc,
Domain,mass.kupay.cc,
Domain,mass.revadahp.cc,
Domain,mass.revajihl.cc,
Domain,mass.revajmgh.cc,
Domain,mass.revakjiu.cc,
Domain,mass.revamhfr.cc,
Domain,mass.revatweq.cc,
Domain,mass.revavcdf.cc,
Domain,mass.revazxsa.cc,
Domain,md.payaeb.cc,
Domain,md.payaed.cc,
Domain,md.payaef.cc,
Domain,md.payaem.cc,
Domain,md.payaen.cc,
Domain,md.payaeo.cc,
Domain,md.paydie.cc,
Domain,md.payima.cc,
Domain,md.payime.cc,
Domain,md.payimk.cc,
Domain,md.payimo.cc,
Domain,md.payimr.cc,
Domain,md.payims.cc,
Domain,md.payimt.cc,
Domain,md.payimu.cc,
Domain,md.payimw.cc,
Domain,md.payimx.cc,
Domain,md.payimz.cc,
Domain,md.paymra.cc,
Domain,md.paymro.cc,
Domain,md.paymrz.cc,
Domain,md.payucn.cc,
Domain,md.payucr.cc,
Domain,md.payuea.cc,
Domain,md.payueh.cc,
Domain,md.payuei.cc,
Domain,md.payuer.cc,
Domain,md.payuev.cc,
Domain,md.payuew.cc,
Domain,md.payuex.cc,
Domain,md.payxie.cc,
Domain,md.payxim.cc,
Domain,md.payxin.cc,
Domain,md.payxiv.cc,
Domain,michigan.com-caalm.my,
Domain,michigan.com-cabsq.my,
Domain,michigan.com-cagir.my,
Domain,michigan.com-caran.vip,
Domain,michigan.com-payccr.vip,
Domain,michigan.com-paynf.my,
Domain,michigan.com-payya.my,
Domain,michigan.paytnhp.vip,
Domain,michigan.safety-payai.vip,
Domain,michigan.safety-payit.vip,
Domain,michigan.safety-payln.vip,
Domain,michigan.safety-payoc.vip,
Domain,michigan.safety-payoo.vip,
Domain,michigan.safety-paysq.vip,
Domain,michigan.safety-paytz.vip,
Domain,michigan.safety-payue.vip,
Domain,michigan.us-paykx.my,
Domain,michigan.us-payol.my,
Domain,michigan.us-payrj.my,
Domain,minnesota.revenuebxo.cc,
Domain,minnesota.revenuezta.cc,
Domain,minnesota.revenueztr.cc,
Domain,minnesota.revenueztt.cc,
Domain,minnesota.revenueztu.cc,
Domain,mn.com-caart.my,
Domain,mn.com-caasu.my,
Domain,mn.com-cacaq.my,
Domain,mn.com-cacos.my,
Domain,mn.com-cagjk.my,
Domain,msedb.nl,
Domain,nj.com-caaop.my,
Domain,nj.com-caccc.my,
Domain,nj.com-cagcd.my,
Domain,nj.com-cahpr.my,
Domain,nj.com-caikz.my,
Domain,nj.com-cajht.my,
Domain,nj.com-caohj.my,
Domain,nj.com-caorz.my,
Domain,nj.com-capge.my,
Domain,nj.com-caphy.my,
Domain,nj.com-caqhd.my,
Domain,nj.com-casyl.my,
Domain,nj.com-cavqh.my,
Domain,nj.com-caxsq.my,
Domain,nj.com-hetpayse.cc,
Domain,nj.goumvca.cc,
Domain,nj.goumvcf.cc,
Domain,nj.goumvcs.cc,
Domain,nj.goumvcx.cc,
Domain,ny.pqpayfvr.cc,
Domain,ny.pqpayfvt.cc,
Domain,ny.pqpaylxz.cc,
Domain,ny.pqpayuvl.cc,
Domain,ny.ptpay.cc,
Domain,ny.pypay.cc,
Domain,ontario.ca-payax.cc,
Domain,ontario.ca-payzp.cc,
Domain,ontario.packagesb.cc,
Domain,ontario.pagea.cc,
Domain,ontario.pageb.cc,
Domain,ontario.safedrivingcaa.cc,
Domain,ontario.safedrivingcab.cc,
Domain,ontario.safedrivingcac.cc,
Domain,ontario.safedrivinggovaa.cc,
Domain,ontario.safedrivinggovab.cc,
Domain,ontario.safedrivinggovac.cc,
Domain,ontario.safedrivinggovad.cc,
Domain,ontario.safedrivinggovae.cc,
Domain,ontario.safedrivinggovag.cc,
Domain,ontario.safedrivinggovak.cc,
Domain,ontario.safedrivinggoval.cc,
Domain,ontario.safedrivinggovam.cc,
Domain,ontario.safedrivinggovan.cc,
Domain,ontario.safedrivinggovao.cc,
Domain,ontario.safedrivinggovap.cc,
Domain,ontario.safedrivinggovaq.cc,
Domain,ontario.safedrivinggovar.cc,
Domain,ontario.safedrivinggovas.cc,
Domain,ontario.safedrivinggovat.cc,
Domain,ontario.safedrivinggovau.cc,
Domain,ontario.safedrivinggovav.cc,
Domain,ontario.safedrivinggovaw.cc,
Domain,ontario.safedrivinggovax.cc,
Domain,ontario.safedrivinggovay.cc,
Domain,ontario.safedrivinggovaz.cc,
Domain,ontario.safedrivinggovba.cc,
Domain,ontario.safedrivinggovbb.cc,
Domain,ontario.safedrivinggovbc.cc,
Domain,ontario.safedrivinggovbf.cc,
Domain,ontario.safedrivinggovbg.cc,
Domain,ontario.safedrivinggovbh.cc,
Domain,ontario.safedrivinggovbi.cc,
Domain,ontario.safedrivinggovbk.cc,
Domain,ontario.safedrivinggovbl.cc,
Domain,ontario.safedrivinggovbm.cc,
Domain,ontario.safedrivinggovbn.cc,
Domain,ontario.safedrivinggovbo.cc,
Domain,ontario.safedrivinggovbp.cc,
Domain,ontario.safedrivinggovbq.cc,
Domain,ontario.safedrivinggovbr.cc,
Domain,ontario.safedrivinggovbs.cc,
Domain,ontario.safedrivinggovbt.cc,
Domain,ontario.safedrivinggovbu.cc,
Domain,ontario.safedrivinggovbv.cc,
Domain,ontario.safedrivinggovbw.cc,
Domain,ontario.safedrivinggovbx.cc,
Domain,ontario.safedrivinggovby.cc,
Domain,ontario.safedrivinggovbz.cc,
Domain,ontario.safedrivinggovcb.cc,
Domain,ontario.safedrivinggovcc.cc,
Domain,ontario.safedrivinggovcd.cc,
Domain,ontario.safedrivinggovce.cc,
Domain,ontario.safedrivinggovcg.cc,
Domain,ontario.safedrivinggovch.cc,
Domain,ontario.safedrivingje.cc,
Domain,ontario.safedrivingovd.cc,
Domain,ontario.safedrivingovm.cc,
Domain,ontario.safedrivingovo.cc,
Domain,ontario.safedrivingovq.cc,
Domain,ontario.safedrivingovr.cc,
Domain,ontario.safedrivingovs.cc,
Domain,ontario.safedrivingovt.cc,
Domain,ontario.safedrivingovu.cc,
Domain,ontario.safedrivingovv.cc,
Domain,ontario.safedrivingovw.cc,
Domain,ontario.safedrivingovx.cc,
Domain,ontario.safedrivingovy.cc,
Domain,ontario.safedrivingovz.cc,
Domain,pa.goumb.click,
Domain,pa.goume.click,
Domain,pa.goumq.click,
Domain,pa.goumw.click,
Domain,pa.payhgfm.cc,
Domain,pa.safety-payeg.vip,
Domain,pa.safety-payti.vip,
Domain,pa.tepaylxs.cc,
Domain,pa.tepaytda.cc,
Domain,phila.govvx.vip,
Domain,phila.reveaqwe.cc,
Domain,phila.revebfewd.cc,
Domain,phila.reveblonv.cc,
Domain,phila.revebmkjh.cc,
Domain,phila.revebnhg.cc,
Domain,phila.reveeati.cc,
Domain,phila.reveiahj.cc,
Domain,phila.reveioup.cc,
Domain,phila.reveklji.cc,
Domain,phila.revemjux.cc,
Domain,phila.revenhjl.cc,
Domain,phila.revenhtf.cc,
Domain,phila.revenhyg.cc,
Domain,phila.revenjytb.cc,
Domain,phila.revenue-ae.cc,
Domain,phila.revenue-af.cc,
Domain,phila.revenue-ap.cc,
Domain,phila.revenue-bj.cc,
Domain,phila.revenue-bn.cc,
Domain,phila.revenue-bx.cc,
Domain,phila.revenue-cg.cc,
Domain,phila.revenue-cx.cc,
Domain,phila.revenue-da.cc,
Domain,phila.revenue-dc.cc,
Domain,phila.revenue-dh.cc,
Domain,phila.revenue-dk.cc,
Domain,phila.revenue-dv.cc,
Domain,phila.revenue-dw.cc,
Domain,phila.revenue-dx.cc,
Domain,phila.revenue-ef.cc,
Domain,phila.revenue-ei.cc,
Domain,phila.revenue-eq.cc,
Domain,phila.revenue-er.cc,
Domain,phila.revenue-es.cc,
Domain,phila.revenue-et.cc,
Domain,phila.revenue-eu.cc,
Domain,phila.revenue-fh.cc,
Domain,phila.revenue-gc.cc,
Domain,phila.revenue-ge.cc,
Domain,phila.revenue-gg.cc,
Domain,phila.revenue-gi.cc,
Domain,phila.revenue-gk.cc,
Domain,phila.revenue-gl.cc,
Domain,phila.revenue-gm.cc,
Domain,phila.revenue-gr.cc,
Domain,phila.revenue-gz.cc,
Domain,phila.revenue-hf.cc,
Domain,phila.revenue-jl.cc,
Domain,phila.revenue-ka.cc,
Domain,phila.revenue-kc.cc,
Domain,phila.revenue-kd.cc,
Domain,phila.revenue-kg.cc,
Domain,phila.revenue-kl.cc,
Domain,phila.revenue-kp.cc,
Domain,phila.revenue-ku.cc,
Domain,phila.revenue-kw.cc,
Domain,phila.revenue-ky.cc,
Domain,phila.revenue-kz.cc,
Domain,phila.revenue-lz.cc,
Domain,phila.revenue-mj.cc,
Domain,phila.revenue-ml.cc,
Domain,phila.revenue-nk.cc,
Domain,phila.revenue-nq.cc,
Domain,phila.revenue-ns.cc,
Domain,phila.revenue-nt.cc,
Domain,phila.revenue-nx.cc,
Domain,phila.revenue-pf.cc,
Domain,phila.revenue-ru.cc,
Domain,phila.revenue-rw.cc,
Domain,phila.revenue-sc.cc,
Domain,phila.revenue-tl.cc,
Domain,phila.revenue-tr.cc,
Domain,phila.revenue-ts.cc,
Domain,phila.revenue-vh.cc,
Domain,phila.revenue-vj.cc,
Domain,phila.revenue-vm.cc,
Domain,phila.revenue-vn.cc,
Domain,phila.revenue-wa.cc,
Domain,phila.revenue-ww.cc,
Domain,phila.revenue-wy.cc,
Domain,phila.revenue-xf.cc,
Domain,phila.revenue-xr.cc,
Domain,phila.revenue-ze.cc,
Domain,phila.revenue-zm.cc,
Domain,phila.revenue-zp.cc,
Domain,phila.revenue-zq.cc,
Domain,phila.revenue-zt.cc,
Domain,phila.revenue-zv.cc,
Domain,phila.revenue-zw.cc,
Domain,phila.revenue-zy.cc,
Domain,phila.revenuefe.cc,
Domain,phila.revenuefo.cc,
Domain,phila.revenuefr.cc,
Domain,phila.revenueft.cc,
Domain,phila.revenuefu.cc,
Domain,phila.revenuelxa.cc,
Domain,phila.revenuelxb.cc,
Domain,phila.revenuelxe.cc,
Domain,phila.revenuelxh.cc,
Domain,phila.revenuelxr.cc,
Domain,phila.revenuelxs.cc,
Domain,phila.revenuelxt.cc,
Domain,phila.revenuelxu.cc,
Domain,phila.revenuelxv.cc,
Domain,phila.revenuelxz.cc,
Domain,phila.revenwsdf.cc,
Domain,phila.revepkol.cc,
Domain,phila.reveqsdf.cc,
Domain,phila.reverdxz.cc,
Domain,phila.reverewd.cc,
Domain,phila.revergfv.cc,
Domain,phila.revetfdh.cc,
Domain,phila.reveujtr.cc,
Domain,phila.reveuvcn.cc,
Domain,phila.reveyhgf.cc,
Domain,portal.ct-gn.cc,
Domain,post.857685.com,
Domain,purlotor.ca-paylc.vip,
Domain,purlotor.com-paypbm.vip,
Domain,purlotor.com-payrwm.vip,
Domain,purlotor.com-payvgj.vip,
Domain,purlotor.com-payyun.vip,
Domain,purlotor.mobile-am.vip,
Domain,purlotor.mobile-iti.vip,
Domain,purlotor.mobile-vzw.vip,
Domain,purolator.packagea.vip,
Domain,purolator.packageb.vip,
Domain,purolator.packagec.vip,
Domain,purolator.packagee.vip,
Domain,purolator.packageh.vip,
Domain,purolator.packagei.vip,
Domain,purolator.packagej.vip,
Domain,purolator.packagek.vip,
Domain,purolator.packagesc.cc,
Domain,purolator.packageva.vip,
Domain,purolator.packagevc.vip,
Domain,purolator.packagevd.vip,
Domain,purolator.packagevf.vip,
Domain,purolator.packagevh.vip,
Domain,purolator.packagevi.vip,
Domain,purolator.packagevj.vip,
Domain,purolator.packagevm.vip,
Domain,purolator.packagevz.vip,
Domain,purolator.parcela.vip,
Domain,purolator.parceli.vip,
Domain,purolator.parceln.vip,
Domain,purolator.parcelx.vip,
Domain,purolator.parcevb.vip,
Domain,purolator.parcevg.vip,
Domain,purolator.parcevj.vip,
Domain,purolator.parcevk.vip,
Domain,purolator.parcevo.vip,
Domain,purolator.parcevx.vip,
Domain,purolator.parceza.vip,
Domain,purolator.parcezb.vip,
Domain,puroletor.com-payeo.cc,
Domain,puroletor.com-payno.cc,
Domain,puroletor.com-payrn.cc,
Domain,puroletor.com-payrv.cc,
Domain,puroletor.com-paysn.cc,
Domain,revenue.com-paychw.vip,
Domain,revenue.com-paydzh.vip,
Domain,revenue.com-payeml.vip,
Domain,revenue.com-paylbx.vip,
Domain,revenue.com-payslq.vip,
Domain,revenue.com-payyjo.vip,
Domain,revenue.refudagh.cc,
Domain,revenue.refundfg.cc,
Domain,revenue.safety-payag.vip,
Domain,revenue.safety-payah.vip,
Domain,revenue.safety-paycn.my,
Domain,revenue.safety-payco.vip,
Domain,revenue.safety-paydd.vip,
Domain,revenue.safety-payet.vip,
Domain,revenue.safety-payiu.vip,
Domain,revenue.safety-paylv.vip,
Domain,revenue.safety-paynd.vip,
Domain,revenue.safety-paypc.my,
Domain,revenue.safety-payzd.vip,
Domain,seattle.dmv-aux.icu,
Domain,seattle.dmv-bua.icu,
Domain,seattle.dmv-igh.xyz,
Domain,seattle.org-uwe.cyou,
Domain,seattle.org-uwr.cyou,
Domain,state.awfpay.cc,
Domain,state.ewqpay.cc,
Domain,state.ewrpay.cc,
Domain,state.ghbpay.cc,
Domain,state.gmrpay.cc,
Domain,state.segpay.cc,
Domain,state.vnwpay.cc,
Domain,state.wtrpay.cc,
Domain,state.zedpay.cc,
Domain,state.zefpay.cc,
Domain,state.zegpay.cc,
Domain,state.zeqpay.cc,
Domain,state.zerpay.cc,
Domain,state.zetpay.cc,
Domain,state.zeupay.cc,
Domain,state.zewpay.cc,
Domain,sunpass.overduekcc.vip,
Domain,sunpass.overduekco.vip,
Domain,sunpass.overduekcp.vip,
Domain,sunpass.overduekcr.vip,
Domain,sunpass.overduekct.vip,
Domain,sunpass.overduekcu.vip,
Domain,sunpass.overduekcw.vip,
Domain,sunpass.overduekcx.vip,
Domain,sunpass.overduekcy.vip,
Domain,sunpass.overduekcz.vip,
Domain,taxny.revenue-bna.cc,
Domain,taxny.revenue-hbn.cc,
Domain,taxny.revenue-ncg.cc,
Domain,umsahju.bond,
Domain,www.com-paynhs.vip,
Domain,www.com-paypbm.vip,
Domain,www.com-payslq.vip,
Domain,www.com-payvgj.vip,
